ID,RefSeq,Edited Seq,EditType
test1,AATCCTTTGAGTGTTTTTCATTCTGCAGATGCTGAGTTTGTGTGTGAACGGACACTGAAATATTTTCTAGGAATTGCGGGAGGAAAATGGGTAGTTAGCTATTTCTGTAAGTATAATACTA,AATCCTTTGAGTGTTTTTCATTCTGCAGATGCTGAGTTTGTGTGTGAACGGACACTGAAACATTTTCTAGGAATTGCGGGAGGAAAATGGGTAGTTAGCTATTTCTGTAAGTATAATACTA,sub1
test2,AATCCTTTGAGTGTTTTTCATTCTGCAGATGCTGAGTTTGTGTGTGAACGGACACTGAAATATTTTCTAGGAATTGCGGGAGGAAAATGGGTAGTTAGCTATTTCTGTAAGTATAATACTA,AATCCTTTGAGTGTTTTTCATTCTGCAGATGCTGAGTTTGTGTGTGAACGGACACTGAAACCATTTCTAGGAATTGCGGGAGGAAAATGGGTAGTTAGCTATTTCTGTAAGTATAATACTA,sub3
test3,AATCCTTTGAGTGTTTTTCATTCTGCAGATGCTGAGTTTGTGTGTGAACGGACACTGAAATATTTTCTAGGAATTGCGGGAGGAAAATGGGTAGTTAGCTATTTCTGTAAGTATAATACTA,AATCCTTTGAGTGTTTTTCATTCTGCAGATGCTGAGTTTGTGTGTGAACGGACACTGAAACCCTTTCTAGGAATTGCGGGAGGAAAATGGGTAGTTAGCTATTTCTGTAAGTATAATACTA,sub3
test4,GGACAGCACTTCCTGATTTTGTTTTCAACTTCTAATCCTTTGAGTGTTTTTCATTCTGCAGATGCTGAGTTTGTGTGTGAACGGACACTGAAATATTTTCTAGGAATTGCGGGAGGAAAAT,GGACAGCACTTCCTGATTTTGTTTTCAACTTCTAATCCTTTGAGTGTTTTTCATTCTGCAAATGCTGAGTTTGTGTGTGAACGGACACTGAAATATTTTCTAGGAATTGCGGGAGGAAAAT,sub1
test5,TTTAATTAAAAAAAAATGCTAGGCAGAATGACTCAAATTACGTTGGATACAGTTGAATTTATTACGGTCTCATAGGGCCTGCCTGCTCGACCATGCTATACTAAAAATTAAAAGTGTGTGT,TTTAATTAAAAAAAAATGCTAGGCAGAATGACTCAAATTACGTTGGATACAGTTGAATTTGGATTACGGTCTCATAGGGCCTGCCTGCTCGACCATGCTATACTAAAAATTAAAAGTGTGT,ins2
test6,ATTACTGTTGTTGTTGTTATTATTGTCATTATTTGCATCTGAGAACCCTTAGGTGGTTATATTATTGATATATTTTTGGTATCTTTGATGACAATAATGGGGGATTTTGAAAGCTTAGCTT,ATTACTGTTGTTGTTGTTATTATTGTCATTATTTGCATCTGAGAACCCTTAGGTGGTTATTTTATTGATATATTTTTGGTATCTTTGATGACAATAATGGGGGATTTTGAAAGCTTAGCTT,sub1
test7,TTATTATTGTCATTATTTGCATCTGAGAACCCTTAGGTGGTTATATTATTGATATATTTTTGGTATCTTTGATGACAATAATGGGGGATTTTGAAAGCTTAGCTTTAAATTTCTTTTAATT,TTATTATTGTCATTATTTGCATCTGAGAACCCTTAGGTGGTTATATTATTGATATATTTTGGTATCTTTGATGACAATAATGGGGGATTTTGAAAGCTTAGCTTTAAATTTCTTTTAATTA,del1
test8,CTAGGCAGAATGACTCAAATTACGTTGGATACAGTTGAATTTATTACGGTCTCATAGGGCCTGCCTGCTCGACCATGCTATACTAAAAATTAAAAGTGTGTGTTACTAATTTTATAAATGG,CTAGGCAGAATGACTCAAATTACGTTGGATACAGTTGAATTTATTACGGTCTCATAGGGCGCCTGCTCGACCATGCTATACTAAAAATTAAAAGTGTGTGTTACTAATTTTATAAATGGCT,del2
test9,TAAATTTCTTTTAATTAAAAAAAAATGCTAGGCAGAATGACTCAAATTACGTTGGATACAGTTGAATTTATTACGGTCTCATAGGGCCTGCCTGCTCGACCATGCTATACTAAAAATTAAA,TAAATTTCTTTTAATTAAAAAAAAATGCTAGGCAGAATGACTCAAATTACGTTGGATACAGGCGTTGAATTTATTACGGTCTCATAGGGCCTGCCTGCTCGACCATGCTATACTAAAAATT,ins3
test10,AGTATCATCCTATGTGGTTTTTATGATAATATTCTACTTTTATTTGTTCAGGGCTCTGTGTGACACTCCAGGTGTGGATCCAAAGCTTATTTCTAGAATTTGGGTTTATAATCACTATAGA,AGTATCATCCTATGTGGTTTTTATGATAATATTCTACTTTTATTTGTTCAGGGCTCTGTGGCACACTCCAGGTGTGGATCCAAAGCTTATTTCTAGAATTTGGGTTTATAATCACTATAGA,sub2
test11,AGTATCATCCTATGTGGTTTTTATGATAATATTCTACTTTTATTTGTTCAGGGCTCTGTGTGACACTCCAGGTGTGGATCCAAAGCTTATTTCTAGAATTTGGGTTTATAATCACTATAGA,AGTATCATCCTATGTGGTTTTTATGATAATATTCTACTTTTATTTGTTCAGGGCTCTGTGGGACACTCCAGGTGTGGATCCAAAGCTTATTTCTAGAATTTGGGTTTATAATCACTATAGA,sub1
test12,AGTATCATCCTATGTGGTTTTTATGATAATATTCTACTTTTATTTGTTCAGGGCTCTGTGTGACACTCCAGGTGTGGATCCAAAGCTTATTTCTAGAATTTGGGTTTATAATCACTATAGA,AGTATCATCCTATGTGGTTTTTATGATAATATTCTACTTTTATTTGTTCAGGGCTCTGTGGTACACTCCAGGTGTGGATCCAAAGCTTATTTCTAGAATTTGGGTTTATAATCACTATAGA,sub2
test13,GTATCATCCTATGTGGTTTTTATGATAATATTCTACTTTTATTTGTTCAGGGCTCTGTGTGACACTCCAGGTGTGGATCCAAAGCTTATTTCTAGAATTTGGGTTTATAATCACTATAGAT,GTATCATCCTATGTGGTTTTTATGATAATATTCTACTTTTATTTGTTCAGGGCTCTGTGTAACACTCCAGGTGTGGATCCAAAGCTTATTTCTAGAATTTGGGTTTATAATCACTATAGAT,sub1
test14,GTATCATCCTATGTGGTTTTTATGATAATATTCTACTTTTATTTGTTCAGGGCTCTGTGTGACACTCCAGGTGTGGATCCAAAGCTTATTTCTAGAATTTGGGTTTATAATCACTATAGAT,GTATCATCCTATGTGGTTTTTATGATAATATTCTACTTTTATTTGTTCAGGGCTCTGTGTCACACTCCAGGTGTGGATCCAAAGCTTATTTCTAGAATTTGGGTTTATAATCACTATAGAT,sub1
test15,GTATCATCCTATGTGGTTTTTATGATAATATTCTACTTTTATTTGTTCAGGGCTCTGTGTGACACTCCAGGTGTGGATCCAAAGCTTATTTCTAGAATTTGGGTTTATAATCACTATAGAT,GTATCATCCTATGTGGTTTTTATGATAATATTCTACTTTTATTTGTTCAGGGCTCTGTGTTACACTCCAGGTGTGGATCCAAAGCTTATTTCTAGAATTTGGGTTTATAATCACTATAGAT,sub1
test16,CAGTATCATCCTATGTGGTTTTTATGATAATATTCTACTTTTATTTGTTCAGGGCTCTGTGTGACACTCCAGGTGTGGATCCAAAGCTTATTTCTAGAATTTGGGTTTATAATCACTATAG,CAGTATCATCCTATGTGGTTTTTATGATAATATTCTACTTTTATTTGTTCAGGGCTCTGTTAAACACTCCAGGTGTGGATCCAAAGCTTATTTCTAGAATTTGGGTTTATAATCACTATAG,sub3
test17,CAGTATCATCCTATGTGGTTTTTATGATAATATTCTACTTTTATTTGTTCAGGGCTCTGTGTGACACTCCAGGTGTGGATCCAAAGCTTATTTCTAGAATTTGGGTTTATAATCACTATAG,CAGTATCATCCTATGTGGTTTTTATGATAATATTCTACTTTTATTTGTTCAGGGCTCTGTTAGACACTCCAGGTGTGGATCCAAAGCTTATTTCTAGAATTTGGGTTTATAATCACTATAG,sub2
test18,CAGTATCATCCTATGTGGTTTTTATGATAATATTCTACTTTTATTTGTTCAGGGCTCTGTGTGACACTCCAGGTGTGGATCCAAAGCTTATTTCTAGAATTTGGGTTTATAATCACTATAG,CAGTATCATCCTATGTGGTTTTTATGATAATATTCTACTTTTATTTGTTCAGGGCTCTGTTATACACTCCAGGTGTGGATCCAAAGCTTATTTCTAGAATTTGGGTTTATAATCACTATAG,sub3
test19,CAGTATCATCCTATGTGGTTTTTATGATAATATTCTACTTTTATTTGTTCAGGGCTCTGTGTGACACTCCAGGTGTGGATCCAAAGCTTATTTCTAGAATTTGGGTTTATAATCACTATAG,CAGTATCATCCTATGTGGTTTTTATGATAATATTCTACTTTTATTTGTTCAGGGCTCTGTTCAACACTCCAGGTGTGGATCCAAAGCTTATTTCTAGAATTTGGGTTTATAATCACTATAG,sub3
test20,ACTGGACAAATATGATCACTGGGCTGACCGCTTTGAGGACCTGCCCCTCTATTTCATGACTCCATGGACAGCAAAGCATCAGGTGAGACTCCCAGATTCCAGCCACCTTGCTTTCCCANNN,ACTGGACAAATATGATCACTGGGCTGACCGCTTTGAGGACCTGCCCCTCTATTTCATGACTTTCCATGGACAGCAAAGCATCAGGTGAGACTCCCAGATTCCAGCCACCTTGCTTTCCCAN,del2
test21,TGCCCCTGTATCGCCGAGCTCTGGCAGTGCTAGGTGAGGAGGGGACCAGGCCTGAGGCTCGAGCTAGAGCTGCTCTTGAGCAGTGGGCGGCCTAAAGCTGTGCTCCAAGCTGTCGGGCNNN,TGCCCCTGTATCGCCGAGCTCTGGCAGTGCTAGGTGAGGAGGGGACCAGGCCTGAGGCTCTGGAGCTAGAGCTGCTCTTGAGCAGTGGGCGGCCTAAAGCTGTGCTCCAAGCTGTCGGGCN,del2
