#id,wtseq, edseq, spacer_top, spacer_bot, ext_top, ext_bot, dpcas, dpprime
pegRNA2.97,ATAAAAGACAACACCCTTGCCTTGTGGAGTTTTCAAAGCTCCCAGAAACTGAGAAGAACTATAACCTGCAAATG,xxxxxxxxxAACACCCTTGCCTTGTGGAGTTTTCAAAGCTCCCAGAAACTGAGACGAACTAxxxxxxxxxxxxx,caccGAGACAACACCCTTGCCTTGgtttt,ctctaaaacCAAGGCAAGGGTGTTGTCTC,gtgcAACACCCTTGCCTTGTGGAGTTTTCAAAGCTCCCAGAAACTGAGACGAACTA,aaaaTAGTTCGTCTCAGTTTCTGGGAGCTTTGAAAACTCCACAAGGCAAGGGTGTT,45.9675407409668,3.122617244720459
pegRNA2.80,ATAAAAGACAACACCCTTGCCTTGTGGAGTTTTCAAAGCTCCCAGAAACTGAGAAGAACTATAACCTGCAAATG,xxxxxxxxxAACACCCTTGCCTTGTGGAGTTTTCAAAGCTCCCAGAAACTGAGACGAACTxxxxxxxxxxxxxx,caccGAGACAACACCCTTGCCTTGgtttt,ctctaaaacCAAGGCAAGGGTGTTGTCTC,gtgcAACACCCTTGCCTTGTGGAGTTTTCAAAGCTCCCAGAAACTGAGACGAACT,aaaaAGTTCGTCTCAGTTTCTGGGAGCTTTGAAAACTCCACAAGGCAAGGGTGTT,45.9675407409668,2.7031946182250977
pegRNA2.96,ATAAAAGACAACACCCTTGCCTTGTGGAGTTTTCAAAGCTCCCAGAAACTGAGAAGAACTATAACCTGCAAATG,xxxxxxxxxxACACCCTTGCCTTGTGGAGTTTTCAAAGCTCCCAGAAACTGAGACGAACTAxxxxxxxxxxxxx,caccGAGACAACACCCTTGCCTTGgtttt,ctctaaaacCAAGGCAAGGGTGTTGTCTC,gtgcACACCCTTGCCTTGTGGAGTTTTCAAAGCTCCCAGAAACTGAGACGAACTA,aaaaTAGTTCGTCTCAGTTTCTGGGAGCTTTGAAAACTCCACAAGGCAAGGGTGT,45.9675407409668,2.682041883468628
pegRNA2.79,ATAAAAGACAACACCCTTGCCTTGTGGAGTTTTCAAAGCTCCCAGAAACTGAGAAGAACTATAACCTGCAAATG,xxxxxxxxxxACACCCTTGCCTTGTGGAGTTTTCAAAGCTCCCAGAAACTGAGACGAACTxxxxxxxxxxxxxx,caccGAGACAACACCCTTGCCTTGgtttt,ctctaaaacCAAGGCAAGGGTGTTGTCTC,gtgcACACCCTTGCCTTGTGGAGTTTTCAAAGCTCCCAGAAACTGAGACGAACT,aaaaAGTTCGTCTCAGTTTCTGGGAGCTTTGAAAACTCCACAAGGCAAGGGTGT,45.9675407409668,2.3282716274261475
pegRNA2.95,ATAAAAGACAACACCCTTGCCTTGTGGAGTTTTCAAAGCTCCCAGAAACTGAGAAGAACTATAACCTGCAAATG,xxxxxxxxxxxCACCCTTGCCTTGTGGAGTTTTCAAAGCTCCCAGAAACTGAGACGAACTAxxxxxxxxxxxxx,caccGAGACAACACCCTTGCCTTGgtttt,ctctaaaacCAAGGCAAGGGTGTTGTCTC,gtgcCACCCTTGCCTTGTGGAGTTTTCAAAGCTCCCAGAAACTGAGACGAACTA,aaaaTAGTTCGTCTCAGTTTCTGGGAGCTTTGAAAACTCCACAAGGCAAGGGTG,45.9675407409668,2.1282851696014404
pegRNA2.63,ATAAAAGACAACACCCTTGCCTTGTGGAGTTTTCAAAGCTCCCAGAAACTGAGAAGAACTATAACCTGCAAATG,xxxxxxxxxAACACCCTTGCCTTGTGGAGTTTTCAAAGCTCCCAGAAACTGAGACGAACxxxxxxxxxxxxxxx,caccGAGACAACACCCTTGCCTTGgtttt,ctctaaaacCAAGGCAAGGGTGTTGTCTC,gtgcAACACCCTTGCCTTGTGGAGTTTTCAAAGCTCCCAGAAACTGAGACGAAC,aaaaGTTCGTCTCAGTTTCTGGGAGCTTTGAAAACTCCACAAGGCAAGGGTGTT,45.9675407409668,1.903078556060791
pegRNA2.78,ATAAAAGACAACACCCTTGCCTTGTGGAGTTTTCAAAGCTCCCAGAAACTGAGAAGAACTATAACCTGCAAATG,xxxxxxxxxxxCACCCTTGCCTTGTGGAGTTTTCAAAGCTCCCAGAAACTGAGACGAACTxxxxxxxxxxxxxx,caccGAGACAACACCCTTGCCTTGgtttt,ctctaaaacCAAGGCAAGGGTGTTGTCTC,gtgcCACCCTTGCCTTGTGGAGTTTTCAAAGCTCCCAGAAACTGAGACGAACT,aaaaAGTTCGTCTCAGTTTCTGGGAGCTTTGAAAACTCCACAAGGCAAGGGTG,45.9675407409668,1.853621006011963
pegRNA2.99,ATAAAAGACAACACCCTTGCCTTGTGGAGTTTTCAAAGCTCCCAGAAACTGAGAAGAACTATAACCTGCAAATG,xxxxxxxACAACACCCTTGCCTTGTGGAGTTTTCAAAGCTCCCAGAAACTGAGACGAACTAxxxxxxxxxxxxx,caccGAGACAACACCCTTGCCTTGgtttt,ctctaaaacCAAGGCAAGGGTGTTGTCTC,gtgcACAACACCCTTGCCTTGTGGAGTTTTCAAAGCTCCCAGAAACTGAGACGAACTA,aaaaTAGTTCGTCTCAGTTTCTGGGAGCTTTGAAAACTCCACAAGGCAAGGGTGTTGT,45.9675407409668,1.7155120372772217
pegRNA2.62,ATAAAAGACAACACCCTTGCCTTGTGGAGTTTTCAAAGCTCCCAGAAACTGAGAAGAACTATAACCTGCAAATG,xxxxxxxxxxACACCCTTGCCTTGTGGAGTTTTCAAAGCTCCCAGAAACTGAGACGAACxxxxxxxxxxxxxxx,caccGAGACAACACCCTTGCCTTGgtttt,ctctaaaacCAAGGCAAGGGTGTTGTCTC,gtgcACACCCTTGCCTTGTGGAGTTTTCAAAGCTCCCAGAAACTGAGACGAAC,aaaaGTTCGTCTCAGTTTCTGGGAGCTTTGAAAACTCCACAAGGCAAGGGTGT,45.9675407409668,1.6778719425201416
pegRNA2.98,ATAAAAGACAACACCCTTGCCTTGTGGAGTTTTCAAAGCTCCCAGAAACTGAGAAGAACTATAACCTGCAAATG,xxxxxxxxCAACACCCTTGCCTTGTGGAGTTTTCAAAGCTCCCAGAAACTGAGACGAACTAxxxxxxxxxxxxx,caccGAGACAACACCCTTGCCTTGgtttt,ctctaaaacCAAGGCAAGGGTGTTGTCTC,gtgcCAACACCCTTGCCTTGTGGAGTTTTCAAAGCTCCCAGAAACTGAGACGAACTA,aaaaTAGTTCGTCTCAGTTTCTGGGAGCTTTGAAAACTCCACAAGGCAAGGGTGTTG,45.9675407409668,1.6227226257324219
